Medication,Pre-COVID N,Pre-COVID Surgery %,Pre-COVID MVD %,Post-COVID N,Post-COVID Surgery %,Post-COVID MVD %,Surgery Change (pp),P-value,Significant
Carbamazepine/Oxcarbazepine,65667.0,4.51063700184263,2.1548113968964624,125846,5.3962779905598905,2.6230472164391396,0.8856409887172602,0.0,True
Baclofen,22222.0,6.516065160651606,3.046530465304653,48438,7.085346215780998,3.3052562038069286,0.569281055129392,0.005587911638564869,True
Gabapentin,71033.0,3.5363844973463037,1.635859389297932,149828,3.8664335104252876,1.8254264890407668,0.33004901307898404,0.00013979220769466671,True
Lamotrigine,7989.0,6.746776818124922,3.1543372136687946,19557,7.10231630618193,3.1855601574883674,0.35553948805700786,0.29394152505176097,False
Pregabalin,17268.0,5.356729210099606,2.432244614315497,47773,5.471709961693843,2.449082117514077,0.11498075159423748,0.5680798339769424,False
No TN Medication,39772.0,1.091219953736297,0.2992054711857588,63945,0.6458675424192666,0.22050199390100866,-0.44535241131703035,9.325873406851315e-15,True
