Medication,Pre-COVID N,Pre-COVID Rate (%),Pre-COVID 95% CI,Post-COVID N,Post-COVID Rate (%),Post-COVID 95% CI,Change (pp),Z-score,P-value,Significant
Carbamazepine/Oxcarbazepine,"66,499",43.05953961213456,(42.8-43.3),"127,741",42.16278125629185,(42.0-42.3),-0.9,-5.802505123485132,<0.001,True
Gabapentin,"71,830",46.51147732055557,(46.3-46.8),"154,330",50.93886873661175,(50.8-51.1),+4.4,28.32221604622292,<0.001,True
Pregabalin,"17,530",11.351053841421956,(11.2-11.5),"49,174",16.23059632770133,(16.1-16.4),+4.9,44.21856786081243,<0.001,True
Baclofen,"22,499",14.568588726648752,(14.4-14.7),"49,563",16.35899145462767,(16.2-16.5),+1.8,15.718011407364026,<0.001,True
Lamotrigine,"8,081",5.2326221387638805,(5.1-5.3),"20,064",6.622416006812533,(6.5-6.7),+1.4,18.497514361377124,<0.001,True
No TN Medication,"40,298",26.093825881438793,(25.9-26.3),"69,841",23.052041284479373,(22.9-23.2),-3.0,-22.753617820621354,<0.001,True
