Procedure,Pre-COVID N,Pre-COVID Rate (%),Pre-COVID 95% CI,Post-COVID N,Post-COVID Rate (%),Post-COVID 95% CI,Change (pp),Relative Change (%),Z-score,P-value,Significant
MVD,"1,857",1.2024476316897077,(1.15-1.26),"4,072",1.3440230253060523,(1.30-1.39),+0.14,+11.8%,4.003165657356954,<0.001,True
SRS,685,0.44355230355813124,(0.41-0.48),"1,752",0.5782731680589891,(0.55-0.61),+0.13,+30.4%,5.918893398369932,<0.001,True
Rhizotomy,"1,681",1.0884838281477645,(1.04-1.14),"2,937",0.9693997115235451,(0.94-1.00),-0.12,-10.9%,-3.8098137583474223,<0.001,True
Botox,"1,079",0.6986758183054359,(0.66-0.74),"2,785",0.919229893290117,(0.89-0.95),+0.22,+31.6%,7.707474506997522,<0.001,True
