Treatment,Chi-Square,df,P-value,Significant
Carbamazepine/Oxcarbazepine,643.6154298786198,8,9.758389823061481e-134,True
MVD,17.859452731512,8,0.02230522876660804,True
SRS,113.26864617305203,8,8.096828212133756e-21,True
Pregabalin,173.05242131939553,8,2.9551438905350773e-33,True
